{"checkout":0.0,"dairy":0.3120849934,"drinks":0.1593625498,"fruit":0.3041168659,"spices":0.224435591}