{"checkout":{"checkout":1.0,"dairy":0.3930326993,"drinks":0.5372599232,"fruit":0.5001952362,"spices":0.2519978689},"dairy":{"checkout":0.0,"dairy":0.0,"drinks":0.0271446863,"fruit":0.2379929715,"spices":0.3231220032},"drinks":{"checkout":0.0,"dairy":0.2224834366,"drinks":0.0,"fruit":0.1360796564,"spices":0.2727757059},"fruit":{"checkout":0.0,"dairy":0.1893567001,"drinks":0.218950064,"fruit":0.0,"spices":0.1521044219},"spices":{"checkout":0.0,"dairy":0.1951271639,"drinks":0.2166453265,"fruit":0.1257321359,"spices":0.0}}